{
    "BLYP": {
        "LANL2DZ": {
            "SOMO_a": -0.26907,
            "LUMO_b": -0.18694
        },
        "STO-3G": {
            "SOMO_a": -0.10091,
            "LUMO_b": -0.01505
        },
        "3-21G": {
            "SOMO_a": -0.2398,
            "LUMO_b": -0.15689
        },
        "3-21G*": {
            "SOMO_a": -0.2398,
            "LUMO_b": -0.15689
        },
        "6-31G*": {
            "SOMO_a": -0.24018,
            "LUMO_b": -0.15598
        }
    },
    "B3LYP": {
        "LANL2DZ": {
            "SOMO_a": -0.33818,
            "LUMO_b": -0.14568
        },
        "STO-3G": {
            "SOMO_a": -0.17698,
            "LUMO_b": 0.02237
        },
        "3-21G": {
            "SOMO_a": -0.31466,
            "LUMO_b": -0.12108
        },
        "3-21G*": {
            "SOMO_a": -0.31466,
            "LUMO_b": -0.12108
        },
        "6-31G*": {
            "SOMO_a": -0.30815,
            "LUMO_b": -0.11276
        }
    },
    "X3LYP": {
        "LANL2DZ": {
            "SOMO_a": -0.34201,
            "LUMO_b": -0.13923
        },
        "STO-3G": {
            "SOMO_a": -0.18071,
            "LUMO_b": 0.0294
        },
        "3-21G": {
            "SOMO_a": -0.31826,
            "LUMO_b": -0.11429
        },
        "3-21G*": {
            "SOMO_a": -0.31826,
            "LUMO_b": -0.11429
        },
        "6-31G*": {
            "SOMO_a": -0.31158,
            "LUMO_b": -0.1058
        }
    },
    "LC-BLYP": {
        "LANL2DZ": {
            "SOMO_a": -0.47245,
            "LUMO_b": -0.01722
        },
        "STO-3G": {
            "SOMO_a": -0.31077,
            "LUMO_b": 0.16047
        },
        "3-21G": {
            "SOMO_a": -0.44586,
            "LUMO_b": 0.01374
        },
        "3-21G*": {
            "SOMO_a": -0.44586,
            "LUMO_b": 0.01374
        },
        "6-31G*": {
            "SOMO_a": -0.44169,
            "LUMO_b": 0.01857
        }
    },
    "CAM-B3LYP": {
        "LANL2DZ": {
            "SOMO_a": -0.40643,
            "LUMO_b": -0.07976
        },
        "STO-3G": {
            "SOMO_a": -0.2457,
            "LUMO_b": 0.09128
        },
        "3-21G": {
            "SOMO_a": -0.38258,
            "LUMO_b": -0.05373
        },
        "3-21G*": {
            "SOMO_a": -0.38258,
            "LUMO_b": -0.05373
        },
        "6-31G*": {
            "SOMO_a": -0.37597,
            "LUMO_b": -0.04562
        }
    }
}
